dataset_id	dataset_class	organism	assay_type	tissue	treatment_type	n_samples_used	n_genes_selected	coherence_rwithin	coherence_spreadwithin	Cout	outlier_fraction	outlier_severity	separation_ratio	silhouette_mean	between_centroid_distance	within_group_spread	Cctx	context_replicate_score	context_balance_score	context_batch_score	context_metadata_score	min_group_n	n_groups	batch_cramers_v
GSE167521	anchor	mouse	bulk_rnaseq	skin	LNP	8	2000	0.6562414774952932	3.120333505209305	0.03198701137151066	0.125	2.942425353220229	20.048194061340116	0.7934153898577303	62.55705164853778	3.120333505209305	0.825	0.5	1	1	1	4	2	
GSE264344	anchor	mouse	bulk_rnaseq	mixed	adenovirus	195	2000	-0.11387633176010135	38.926045435539706	1	0	0	0.05562121522930556	-0.03717332542351681	2.1651139511958815	38.926045435539706	0.9658487801582893	1	0.8292439007914473	1	1	15	3	
GSE39129	anchor	mouse	bulk_rnaseq	liver	lentivirus	6	2000	0.14538164650955546	22.44456313029532	1	0	0	2.3230695093741045	0.4566336313828487	52.140280259211266	22.44456313029532	0.7375	0.25	1	1	1	3	2	
GSE279744	calibration	mouse	bulk_rnaseq	lymph node	LNP	9	2000	0.12512765945781912	21.636077841143514	1	0	0	1.9886592277937791	0.22290443729428822	43.02678585205456	21.636077841143514	0.7375	0.25	0.9999999999999998	1	1	3	3	
GSE139529	external	mouse	bulk_rnaseq	blood	vaccine	65	2000	0.1872560995675328	32.438190268648484	0.46121380879524243	0.046153846153846156	0.5892781654069701	1.0742498430012517	0.00841814218945178	34.84672080334036	32.438190268648484	0.9123963476839969	0.75	0.9994817384199846	1	1	5	11	
GSE166655	external	mouse	bulk_rnaseq	Tibialis anterior	LNP	9	2000	0.051580254334263186	7.622175835987467	0.10342586753137582	0.3333333333333333	0.9355668453125694	8.939544335232075	0.24622573510000506	68.13877881674456	7.622175835987467	0.7375	0.25	0.9999999999999998	1	1	3	3	
GSE178313	external	mouse	bulk_rnaseq	Liver	unknown	8	2000	-0.010938933222003802	27.502696093894308	1	0	0	0.8229081969791303	-0.0028890733409152464	22.632194054691535	27.502696093894308	0.825	0.5	1	1	1	4	2	
GSE262515	external	mouse	bulk_rnaseq	mixed	LNP	21	2000	0.393325122187963	1.3760757691696135	0.4519903048401275	0.14285714285714285	0.22266597742012229	43.49027490134118	-0.13052310104336798	59.845913486261004	1.3760757691696135	0.7326007518012216	0.25	0.9755037590061084	1	1	3	6	
GSE279372	external	mouse	bulk_rnaseq	draining lymph nodes	LNP	28	2000	0.3479613249404949	17.445731184049883	0.35366675856742613	0.07142857142857142	0.7536858834706655	2.486461632366616	-0.0444012731797679	43.378141237721856	17.445731184049883	0.825	0.5	1	1	1	4	7	
GSE279743	external	mouse	bulk_rnaseq	Lymph Node	LNP	9	2000	0.19203983927341908	16.93894875123102	1	0	0	2.8860061007205355	0.23633100382033279	48.88590943584522	16.93894875123102	0.7375	0.25	0.9999999999999998	1	1	3	3	
